Restaurante,Puntaje
Barcelona Tapas,"4,5"
BelleBuon,"5,0"
Restaurant Ciudad Condal,"4,5"
Vicky Barcelona,"4,5"
Le Romane,"5,0"
Pulpería Can Lampazas,"4,5"
Corchos Barcelona -Colina,"4,5"
El Nacional,"4,0"
Can Paixano (La Xampanyeria),"4,5"
Bar Tomas,"3,5"
7 Portes,"4,0"
Casa Amàlia,"4,5"
El Xampanyet,"4,5"
Can Culleretes,"4,0"
Fàbrica Moritz Barcelona,"4,0"
La Flauta,"4,5"
La Patsa Lab,"5,0"
Arcano,"4,5"
Nine Barcelona,"4,5"
Blu Bar,"5,0"
Viana,"5,0"
Colom,"4,5"
Teresa Carles,"4,5"
Zenith Brunch & Cocktails,"5,0"
Ramen-ya Hiro,"4,5"
Mirabé,"4,5"
Gusto,"4,5"
Vinitus,"4,5"
Bar Cañete,"4,5"
Cervecería Catalana,"4,5"
Thai Barcelona | Royal Cuisine,"4,0"
Cristina de Barcelona Viva,"4,5"
Vrutal,"5,0"
La Gastronómica Burgers,"5,0"
Marina Bay Barcelona,"4,0"
Tandoori Nights,"4,5"
Bella Italia,"5,0"
Desoriente,"5,0"
Tapeo,"4,5"
Babula Bar 1937,"5,0"
Rossini,"4,5"
Bar Xapako,"5,0"
Bodega Biarritz 1881 Tapas bar,"5,0"
La Tasqueta De Blai,"4,5"
El Vaso de Oro,"4,5"
Uma,"5,0"
Can Cortada,"4,5"
La Cova Fumada,"4,5"
Paco Meralgo,"4,5"
Jardinet D'Aribau,"4,5"
Carlota Akaneya,"4,5"
Buenos Aires Grill Restaurant,"4,5"
Anita Flow,"5,0"
Restaurante Arume,"4,5"
Maná 75,"4,5"
Koy Shunka,"4,5"
Don Kilo Restaurant,"5,0"
Martinez,"3,5"
PETIT BANGKOK,"4,5"
Les Quinze Nits,"3,5"
Botafumeiro,"4,0"
Restaurant Etapes,"4,5"
Shunka,"4,5"
Sports Bar Italian Food - C. Ample,"4,5"
Bodega Biarritz 1881,"4,5"
Raó Restaurant,"5,0"
Koku Kitchen Ramen,"4,5"
Boca Grande,"4,0"
Chaka Khan,"5,0"
Via Veneto,"4,5"
Robata,"4,5"
Raco D'en Cesc,"4,5"
Piazze D'Italia,"4,5"
Quimet & Quimet,"4,5"
Don Kilo Gourmet,"5,0"
4 Gats,"4,0"
Can Valles,"4,5"
Sushifresh,"4,5"
Taco Alto Born,"4,5"
Restaurante La Boqueria,"4,5"
Restaurante Lasarte,"4,5"
La Gastronómica Platillos,"5,0"
Pastelería Hofmann,"4,5"
Restaurante Kurai,"4,5"
Torre d'Alta Mar,"4,0"
Restaurante Los Caracoles,"3,5"
Don Asador,"5,0"
Xiringuito Escribà,"4,0"
Restaurante Parrilla Alfonsina,"4,5"
El Quim de la Boqueria,"4,5"
Restaurante Rokelin Gourmet,"4,5"
Bodega Vasconia,"4,5"
La Fonda,"4,0"
Pampero,"4,5"
El Pachuco,"4,5"
La Mundana,"4,5"
Oria Restaurant,"4,5"
Irati Taverna Basca,"4,5"
Arabia Café-Restaurant,"4,5"
Prado de Flores,"4,5"
Pez Vela Chiringuito,"3,5"
Elsa y Fred,"4,5"
Billy Brunch Headquarters,"5,0"
Dona Rosa,"4,5"
Teòric Taverna Gastronòmica,"5,0"
Eixampeling Brunch Café & Bar,"5,0"
La Cala,"5,0"
ANTICHI SAPORI DE ANGELIS,"4,5"
Maitea Taberna,"4,5"
Bacoa,"4,5"
Tlaxcal,"4,5"
El Viti Taberna,"4,5"
Cafe Zurich,"3,0"
Restaurant Gut,"4,5"
Billy Brunch,"5,0"
Flax & Kale,"4,5"
La Alcoba Azul,"4,5"
Vai Moana,"4,5"
Argentinísimo,"4,5"
Pizzeria Da Nanni Barcelona,"5,0"
Mussol Casp,"4,0"
Tucco Real Food Eixample,"5,0"
Pepito Restaurante,"4,5"
Asador de Aranda Tibidabo,"4,0"
Taps,"4,5"
RíasKru,"4,5"
B Burger,"4,5"
Bar del Pla,"4,0"
Restaurant Pelai,"4,5"
Agust Barcelona,"4,5"
bicos,"4,5"
The Benedict,"4,5"
Meson Barcelona,"3,5"
DelaCrem,"4,5"
il mercante di venezia,"4,5"
BierCaB,"4,5"
Mirablau,"4,0"
La Peninsular,"4,5"
1881 per Sagardi,"4,0"
Tempura-Ya,"4,5"
Buon Appetito,"4,5"
Bacoa,"4,5"
Swagatam Bar-Restaurant Hindu,"4,5"
Conesa Entrepans,"4,5"
Caramba Tapas,"4,5"
Can Xurrades Gastronomic,"4,5"
Aladdin restaurante,"4,5"
Ándele París,"5,0"
Tucco Real Food,"4,5"
Casa Lolea Barcelona,"4,5"
Parco,"4,0"
La Bella Napoli di Raffaele,"4,0"
La Deliciosa,"4,5"
Gorria,"4,5"
Louro,"4,5"
NAP Antic,"4,0"
Jara Sushi Degustación,"5,0"
Cachitos Rambla,"4,0"
Caminito Grill Steak House,"5,0"
Rosa Negra,"4,0"
Taller de Tapas - Argenteria,"4,0"
murivecchi,"4,0"
El Rincón Steak House,"4,5"
The George Payne,"4,5"
Telefèric,"4,5"
Restaurante  Koh-i-noor india,"4,5"
Makamaka,"4,5"
Cu-Cut,"4,5"
La Parrillada,"5,0"
Can Dendê,"4,5"
Bo Kaap,"4,5"
Gilda by Belgious,"4,5"
Oporto Restaurante,"4,5"
El Pintxo De Petritxol,"4,5"
Avinyo 10,"4,5"
Toyo Restaurant Japones,"3,5"
Gran Viana,"5,0"
Güell Tapas,"4,5"
Patagonia Beef & Wine,"4,5"
Sabes una cosa,"4,5"
Foc i Oli,"4,5"
Yakumanka,"4,5"
Restaurante Can Fusté,"4,5"
La Fonda del Port Olimpic,"4,0"
Matsuri Sushi Bar,"4,5"
Restaurante Salamanca,"3,5"
Bar Bacaro,"4,5"
Pizzeria Da Nanni BORN,"4,5"
Bar La Plata,"4,5"
Bacoa Burger Ferran,"4,5"
Le Cucine Mandarosso,"4,0"
O' Retorno Restaurant,"4,0"
Mayura,"4,0"
Escriba Gran Via,"4,0"
Nomo Galvany,"4,0"
Bun Bo Vietnam,"4,0"
La Taqueria,"4,0"
La Esquinica,"4,0"
Cuines Santa Caterina,"4,0"
Taktika Berri,"4,0"
Restaurante Addis Abeba,"4,5"
Can Kenji,"4,5"
Ristorante Margherita,"4,5"
Osmosis,"4,5"
Mont Bar,"4,5"
Vegetalia Born,"4,5"
L’ Amfora Barcelona,"4,5"
Ugot Bruncherie,"4,5"
El Argentino,"4,0"
Mako,"4,5"
Mediterráneo Ristorante,"4,5"
Oaxaca Cuina Mexicana - Restaurante y Mezcalería,"3,5"
Merendero de la Mari,"3,5"
La Dolça Herminia,"3,5"
Disfrutar,"4,5"
Nomo Gracia,"4,0"
Anauco Barcelona,"4,5"
Bar Lobo,"4,0"
Chéri,"4,0"
Bar Rodrigo,"4,5"
Velodromo,"3,5"
Els Pescadors,"3,5"
Can Majó,"4,0"
Compartir,"4,5"
Citrus Restaurant & Sushi bar,"3,5"
ABaC,"4,5"
Micu Maku,"4,5"
Barcelona 360,"4,0"
De Paula L'hamburgueseria del Poble Sec,"4,5"
Hungaryto,"4,5"
Off-street,"5,0"
Ristorante Pizzeria  Eden,"4,5"
Akashi Gallery,"4,5"
Da Greco,"4,0"
König Barcelona Centro,"4,0"
La Fabrica,"4,5"
Cera 23,"4,5"
Granja Petitbo,"4,0"
Vivo Tapas,"4,5"
Yashima,"4,0"
Mutenroshi Ramen,"4,0"
The Green Spot,"4,0"
Semproniana,"4,0"
La Rita,"4,0"
Recasens,"4,0"
Ceviche 103,"4,0"
El Nacional - La Taperia,"4,0"
Chen Ji,"4,0"
Out of China,"4,0"
Ikibana Sarriá,"4,0"
Chilango's Taqueria Barcelona,"4,5"
Petritxol Cafe,"4,5"
La Terraza del Claris,"4,5"
El Corte Ingles,"4,0"
Restaurante Igueldo,"4,5"
Giorgio Barcelona,"4,5"
Alquimia Barcelona,"5,0"
Mussol Aragó,"3,5"
La Botiga Arenas,"3,5"
Balthazar,"3,5"
Copasetic Barcelona,"4,5"
Restaurante argentino El Calafate,"4,5"
Tio Joe,"4,5"
Restaurante Fukamura,"4,5"
Terrazza Ravello,"4,5"
Palo Cortao,"4,5"
Contempo Gastrobar,"4,5"
Catalunya Restaurante,"4,5"
Restaurante BarcelonaMilano,"4,0"
Tragaluz,"4,0"
El Rebost d'Hostafrancs,"4,5"
Restaurante L'hortet,"4,5"
BRO Room,"4,5"
Paradiso,"4,5"
Taverna El Glop,"4,0"
Luigi Ristorante,"4,5"
Cecconi's Barcelona,"4,5"
La Pastisseria Barcelona,"4,5"
Can Fisher,"4,5"
El Dorado Chicken,"4,5"
La Royale,"3,5"
Brunch & Cake,"4,0"
Cocina Hermanos Torres,"4,5"
Spark,"4,5"
Ziryab bar de tapas fusión mediterránea,"4,5"
Milk Bar & Bistro,"4,5"
Restaurante el Porvenir,"4,5"
"La Tagliatella C/ Josep Tarradellas, Barcelona","3,5"
Miseria e Nobiltà,"4,5"
Nineteen Restaurant,"4,5"
La Real Hamburguesería,"4,5"
Dos Palillos,"4,0"
Alba Granados,"4,0"
Casa Delfin,"4,0"
La Pepita,"4,5"
Tapas 24,"3,5"
Madre Taberna Moderna,"4,5"
Mannà Gelats,"5,0"
My Way Lounge Restaurant,"4,5"
Gelaaati Di Marco,"4,5"
Donizetti,"4,5"
Restaurant Windsor,"4,5"
Fenicia,"4,5"
Rekons,"4,5"
Season Tapas Restaurant,"4,5"
The Sopa Boba,"4,5"
Chivuo's Slow Street Food & Craft Beer,"4,5"
Taquerías Tamarindo,"4,5"
La Central Burgers,"4,5"
Restaurante Leku,"4,5"
Big Al's American Kitchen,"4,5"
Kitsune Sushi Bar Gràcia,"4,5"
A Tu Bola,"4,5"
Blavis,"5,0"
Rasoterra,"4,5"
La Colosal,"4,5"
Restaurante Seoul,"4,5"
Ascent Restaurant,"4,5"
Abirradero,"4,5"
Flax and Kale  Passage,"4,5"
La Bombeta,"4,0"
Restaurante Barceloneta,"4,0"
La Terraza Miro,"4,5"
CocoVail Beer Hall,"4,5"
Pizza Circus,"4,5"
Cruix,"4,5"
El Clot Restaurante Barcelona,"4,5"
La Mar Salada,"4,0"
Restaurante Hofmann,"4,5"
Karakala,"4,5"
La Poma Restaurant,"3,5"
Panam '75,"4,5"
Lluis de les Moles,"4,5"
Fonda Espanya Restaurante,"4,5"
Bistro Helena,"4,5"
BEMBI,"4,5"
Rincón Persa,"4,5"
Horchateria Sirvent,"4,5"
Caelis,"4,5"
Restaurant Ca L'Estevet,"4,5"
Arepamundi,"4,5"
La Catrina de Barcelona,"4,5"
L'Antica Pizzeria Da Michele BCN,"3,5"
La Clara Restaurant,"4,0"
Agua,"4,0"
Marisquerías La Paradeta,"4,5"
Citizen Café,"4,5"
El Trapío Restaurante,"4,0"
La Lluna Restaurant,"4,0"
Restaurante Can Cargol,"3,5"
Lateral Consell de Cent,"3,5"
Coure,"4,0"
Boca Chica,"4,0"
Cal Pep,"4,0"
Ocaña,"4,0"
Sumac & Mambo,"5,0"
Santa Ceviche,"4,5"
Fismuler,"4,0"
El Raco de l'Aguir,"4,5"
Olivos Comida y Vinos,"5,0"
El Xalet de Montjuïc,"3,5"
Mosquito,"4,0"
Pim Pam Burger,"4,0"
Flash Flash,"3,5"
Wakasa,"4,5"
Churrería Laietana,"5,0"
La Selva,"4,5"
Totoro,"4,0"
Carballeira,"4,0"
El Japones del Tragaluz,"4,0"
Casa Rafols,"4,5"
Guzzo,"4,5"
My Fucking Restaurant,"4,5"
Taller de Tapas - Rambla Catalunya,"4,0"
La Taberna de Sants,"4,5"
El Magraner Boig,"4,5"
Deja Burg,"4,5"
Secrets Del Mediterrani,"4,5"
Bangkok Cafe,"4,0"
Restaurante Cheriff,"3,5"
Passadís del Pep,"4,0"
Restaurante O-Retorniño,"4,5"
National burger Barcelona,"4,5"
Can Sole,"4,0"
Abasolo Etxea,"4,5"
Yamadori,"4,0"
Senyor Vermut,"4,0"
Usagui,"4,5"
Bar Pinotxo,"4,5"
La Barca del Salamanca,"3,5"
Hard Rock Cafe,"4,0"
Pulpería A'Gudiña,"4,0"
Restaurante Filigrana,"4,5"
Rio Dragon,"4,5"
Jobs Restaurant,"5,0"
Agreste de Fabio & Roser,"4,5"
Casa Jordi,"4,5"
Sense Pressa,"4,5"
El Tiet Taver-Teca Taverna Gastronomica,"4,5"
Xemei,"4,0"
Tandoor,"4,0"
Las Delicias Del Carmelo,"4,0"
La Desayuneria - Comte de Urgell,"4,0"
Chez Coco,"4,0"
Pura Brasa Rambla,"4,0"
Salsalada,"3,5"
Casa Masana,"3,5"
el tianguis,"4,0"
La Llimona,"4,5"
Parking Pizza,"4,0"
Rangoli,"4,0"
Tapa Tapa,"3,5"
L'Escamarlà,"3,0"
Can Ramonet,"3,5"
Casa Alfonso,"4,0"
Núria,"3,5"
Restaurante Biocenter,"4,0"
La Monroe,"4,0"
Sushiraku,"4,5"
Pizzeria La Briciola,"4,0"
Parking Pizza,"4,0"
La Balsa,"4,0"
La Venta,"4,0"
Ándele Santa Fe,"4,5"
BRO,"4,5"
Asador de Aranda Pau Claris,"4,0"
Antigua,"4,0"
Can Travi Nou,"4,0"
LomoAlto BCN,"4,0"
La Lola de las Arenas,"4,0"
Ten's,"4,0"
Takashi Ochiai Pastisseria,"4,0"
The Wild Rover Irish Pub Barcelona,"4,5"
Gresca,"4,0"
La Gavina,"3,5"
Restaurant Centfocs,"3,5"
La Tramoia,"3,5"
Fragments Café,"3,5"
El Cangrejo Loco,"4,0"
Abrassame,"4,0"
Casa de Tapas Cañota,"4,0"
Shanghai,"4,0"
La Pizza del Born,"4,0"
O MEU LAR,"4,5"
Piras Braseria,"4,5"
Villa Caprice,"4,5"
Tapa Tapa,"3,0"
Ca l'isidre,"4,5"
Gatsby Barcelona,"3,5"
Mordisco,"3,5"
Flamant,"3,5"
Mordisco,"3,5"
Bar Celta Pulperia,"4,0"
Orio Gòtic,"4,0"
La Cholita,"4,5"
BLAI TONIGHT,"4,5"
Capet,"4,5"
Sartoria Panatieri Gràcia,"4,5"
Ristorante Meraviglioso,"4,5"
Bar Restaurante Guixot,"4,5"
L'olivera,"4,5"
El Mexicano de Barcelona,"4,0"
Craft Barcelona,"4,5"
Pastelerias Mauri,"4,0"
Tramonti 1980,"4,0"
L' Olla de Si Chuan,"4,0"
La Muscleria,"4,0"
Bar Mut,"4,0"
El Mercader de L'Eixample,"4,0"
Madre Lievito,"4,0"
3 Focs,"4,0"
"SAGÀS - Pagesos, Cuiners & Co.","4,0"
Casa Mari y Rufo,"4,0"
Ukai Eixample,"4,0"
Shôko Restaurante & Lounge Club,"4,0"
Nakashita,"4,0"
Colmado,"4,0"
Petra,"4,5"
El Boliche del Gordo Cabrera,"4,5"
Sagardi BCN Centre,"4,0"
McDonald's,"3,0"
Trópico,"4,0"
Surf House Barcelona,"4,0"
11 Nudos - Barcelona,"4,0"
Sirvent Barcelona,"4,0"
Informal,"4,5"
Wok to Walk,"4,5"
Casa Guinart,"4,0"
Divinus,"3,5"
Il Commendatore,"3,5"
Llamber,"4,5"
La Foga,"4,5"
Majide,"4,0"
Elche,"4,0"
Frankie Gallo Cha Cha Cha,"4,0"
Entrepanes Diaz,"4,0"
Cafè de la Pedrera,"4,0"
Roig Robí,"4,0"
Restaurante Can Pineda,"4,5"
Mano Rota Restaurante En Barcelona Fusion Cocina Japonesa Y Peruana,"4,0"
Hummus Barcelona Vegetarian Street Food,"4,5"
La Taberna de la Ronda,"4,5"
Farga Diagonal,"3,5"
Koku Kitchen Ramen & Gyoza Bar,"4,5"
Macchina Pasta Bar,"4,5"
La Cachapera Bcn,"4,5"
La Catrina Fusion,"4,5"
La Taverna del Clínic,"4,0"
El Rodizio,"3,5"
Bestial,"3,5"
La Hacienda,"3,5"
Chalito,"4,0"
Bodega Joan,"4,0"
Las Mañanitas - Tex Mex Bcn,"4,0"
Món Viêt,"4,0"
Locavore Barcelona,"5,0"
LAB Restaurant,"5,0"
Izakaya Ramen House,"4,5"
Restaurant La Estrella 1924,"4,5"
The fish & chips shop,"4,5"
Bar Centro Burgers & Craft Beer,"4,5"
Vic Braseria,"4,5"
Vivant,"4,5"
Messié Sin Gluten,"4,5"
Picnic Restaurant,"4,5"
En Ville,"4,5"
Bardeni,"4,5"
Bordeaux - Cuina Oberta,"4,5"
Suculent,"4,0"
Rosa del Raval,"4,0"
Sagardi BCN Gòtic,"4,0"
Can Cortes,"3,5"
A33 Pizzeria,"4,5"
El Cocinero de Damasco,"4,5"
Restaurante Spaccanapoli Barcelona,"4,5"
Tapa Tapa C.C. Arenas,"3,5"
Hidden Cafe Barcelona,"4,5"
BarcelonaNubar,"3,5"
Taller de Tapas - Josep Oriol,"4,0"
Firo Tast,"4,0"
Julivert Meu,"4,0"
Wine Mood,"5,0"
La Masia Can POrtell,"3,0"
Costa Pacifico,"4,5"
Kao Dim Sum,"3,5"
Restaurante Mexicano Chilam Balam,"3,5"
Kurz & Gut,"3,0"
El Tío Che,"4,0"
The Chipiron,"3,5"
Pomarada,"4,0"
L'Antic Bocoi del Gotic,"4,5"
"La Tagliatella C.C. Las Arenas, Barcelona","3,5"
"La Tagliatella C.C. Diagonal Mar, Barcelona","3,5"
L'Òstia,"4,0"
Euskal Etxea,"4,0"
Arc Iris Restaurant Vegetarià,"4,5"
Restaurante MIAN,"4,5"
CrosMas,"4,5"
EatMyTrip Brunch & Bakery Barcelona,"4,5"
Almalibre Açaí House Barcelona,"5,0"
Agüelo Taberna Barcelona,"4,0"
König Barcelona Born,"3,5"
La Llibertaria,"4,5"
La Balmesina,"4,0"
LeccaBaffi,"4,5"
Bilbao Berria La Barra,"4,0"
Asador de Aranda Londres,"4,0"
RESTAURANTE MEXCLA,"4,0"
Restaurante Salero,"4,0"
El Nacional - La Llotja,"4,0"
En Diagonal Bar,"4,5"
Grasshopper,"4,0"
Puertecillo Born,"4,5"
La Bodegueta,"4,0"
El 58,"4,5"
Txapela Paseo de Gracia - Aragón,"3,5"
La Tomaquera,"3,5"
Raco De La Vila,"4,0"
A estrela Galega,"4,5"
ElDiset,"4,5"
Fratelli la Bufala,"4,0"
El Club De La Hamburguesa,"4,0"
Massimo,"4,0"
Braseria El Glop,"4,0"
Kanada-Ya Barcelona,"4,5"
Taverna del Bisbe,"3,5"
Lexi's restaurant & cocktail bar,"4,0"
Mi Gracia,"4,5"
Mo Te Magno,"4,5"
Gelida,"4,5"
Granja Elena,"4,5"
Memorias de China,"4,0"
El Cercle,"3,5"
El Yantar de la Ribera,"4,0"
Xup Xup Restaurant,"4,0"
Veggie Garden 100% vegano,"4,0"
El Rincón de la Abuela Venezolana,"4,0"
Bodega La Puntual,"4,0"
Marisqueria Esthvan,"4,5"
Restaurant Gaig,"4,0"
La Capricciosa,"4,0"
Restaurant Gaig,"4,0"
El Racó - Rambla Catalunya,"4,0"
Hisop,"4,0"
Suarna,"4,0"
Restaurante Bodega Sepulveda,"4,0"
Miguelitos,"4,0"
Alsur Café (Llúria),"4,0"
Vinitus Madrid-Barcelona,"4,5"
Chihuahua restaurant,"4,0"
Santa Clara Restaurante,"4,0"
Zarautz Taberna Vasca,"4,5"
El Ramblero,"4,5"
Restaurante Solomillo,"4,5"
Menssana,"4,5"
La Tere Gastrobar,"4,5"
Restaurant Ají,"4,5"
Santa Rita Experience,"5,0"
Arrosseria Xàtiva Gràcia,"4,0"
Watatsumi,"4,0"
La Bella Napoli,"4,0"
La Piazzenza,"3,0"
Federal Cafe Parlament,"3,5"
Granja M. Viader,"4,0"
Arenal Restaurant,"3,5"
Isabella's,"3,5"
Trobador Rambla Catalunya,"3,5"
Panoramic,"3,5"
El Señorio del Perú,"3,5"
El Jardí de l'Abadessa,"3,5"
Melo-Jia,"4,5"
Gelatomania Barcelona,"5,0"
Granja La Pallaresa,"4,0"
El Melic del Gotic,"4,0"
Restaurante Can Maño,"4,5"
Bubo Born,"4,0"
Una Mica De Japó,"4,5"
Baluard Barceloneta,"4,5"
La pizza del Sortidor,"4,5"
Cremeria Toscana,"4,5"
Restaurante Sagues,"4,0"
La Informal,"4,0"
chök - Carme,"4,5"
Eat Caribbean,"4,5"
Restaurante El Rincon Maya,"4,0"
Bar Calders,"4,0"
VENUS Delicatessen Barcelona,"4,0"
La Taula de Barcelona,"4,5"
The Coffee House Barcelona,"5,0"
Xerta Restaurant,"4,0"
La Vespa Burger Bar,"4,0"
El Filete Ruso,"4,0"
Xera Restaurant,"5,0"
Gastro-Taqueria Mexicana,"4,0"
Gandhi Restaurant,"3,5"
Topik,"4,0"
Restaurante Japones Ta Mi,"3,5"
Calabrasa,"4,0"
La Bodegueta Provença,"4,0"
Restaurante El Reloj,"4,0"
La Strada Pizza Barcelona,"4,5"
Supra Barcelona,"4,5"
Bo&mie Barcelona,"4,5"
Surya Pau Claris,"4,0"
Yatai,"4,0"
La Cantina Mexicana,"4,0"
Indochine Restaurant Ly Leap,"3,5"
Goiko - Passeig de Sant Joan 58,"3,5"
Morelia restaurant,"4,0"
Bilbao Restaurante,"4,0"
Estimar,"4,0"
B-ONE Palau de Mar,"4,0"
RESTAURANTE IPAR-TXOKO,"4,0"
El Pebrot i El Petit Cargol,"4,0"
Terra d'Escudella,"4,0"
La Trini,"4,0"
Casa Dorita,"4,0"
Bun Bo Raval,"4,0"
La Vermuterie,"4,0"
Momo Avinyó,"4,5"
La Cua Curta,"4,0"
Ken Restaurante,"4,0"
Restaurante Quixote,"4,0"
Can Cisa - Bar Brutal,"4,0"
Pastisseria Lis Barcelona - Pere Camps,"4,5"
"La Tagliatella Plaça Catalunya, Barcelona","3,5"
La Gormanda,"4,5"
Nevermind Bar,"4,5"
Rasoi,"4,5"
La Caravana,"4,5"
Tomasso - New York Pizza,"4,5"
Red Ant Noodle Bar,"4,0"
DOP Restaurante,"4,0"
Bellillo,"4,5"
Les Finestres de Llúria,"4,5"
La  Nueva  Marquesa,"4,5"
Somodo,"4,5"
La Pubilla,"4,5"
Taverna hofmann,"4,5"
Kook,"4,5"
La Malandrina,"4,5"
TocaTeca,"4,5"
Pasa Tapas,"4,5"
Un gelato per te,"5,0"
Kobuta Ramen i més,"4,5"
DonCurado Tasting Barcelona,"4,0"
Krampus,"4,0"
Paella Bar Boquería,"4,5"
Betlem Miscelánea Gastronómica,"4,5"
Oma Bistro,"4,5"
Aguaribay,"4,5"
by Barcelona,"3,0"
Timesburg Poblenou,"4,0"
"La Tagliatella C.C. Illa Diagonal, Barcelona","3,5"
THAI THAI BCN,"4,0"
Chill Bar Barcelona,"4,5"
ÖUZÖ Barcelona,"4,5"
Obama,"4,0"
Mishima Sushi Bar,"4,0"
Gallito,"3,5"
Forn Mistral,"4,5"
La Piazzetta GranVia,"5,0"
Gelateria Gocce di Latte,"4,5"
Sato I Tanaka,"5,0"
Caj Chai,"4,5"
CentOnze Restaurante,"4,0"
Bravo,"3,5"
Barcelona Bar,"4,0"
9 Reinas Barcelona,"4,5"
Kiltro Restobar Gracia,"5,0"
El Foro,"4,0"
BarceLona Tapas Bar & Restaurant,"4,0"
Boa-Bao Barcelona,"4,5"
Assunta Barcelona,"4,5"
Restaurante Cadaques Barcelona,"4,5"
Panqa Barcelona,"4,5"
Red Garter Barcelona,"4,5"
Bar Lafuente,"4,0"
Napoli Prima e Dopo,"4,0"
Volta al Món,"4,5"
Escriba,"4,5"
El Nacional - La Braseria,"3,5"
Verne Barcelona,"4,5"
65 Degrees Barcelona,"4,5"
Blau BCN,"4,0"
Cinc Sentits,"4,5"
Galeria Cosmo,"4,0"
Greek Aribau,"4,0"
La Taberna Griega,"3,5"
De Tapa Madre,"4,0"
Oishii Ramen Street,"4,0"
La Lubina,"4,5"
Carlota Restaurant,"4,0"
Timesburg Sants,"4,0"
THAI Tuk Tuk Barcelona,"4,5"
El Jardi de L'apat,"3,0"
Colibri Brunch & Bistro,"4,5"
Ca la Nuri Terra,"3,5"
Montesquiu,"3,5"
The Rooftop at Sir Victor,"4,5"
Kynoto Sushi Bar,"4,5"
Garage Beer Co,"4,5"
Bo de B,"4,5"
Croq & Roll,"4,5"
Pla Restaurant,"4,5"
Quinoa Bar Vegetarià,"4,5"
Kubik,"2,5"
El All i Oli,"3,5"
Brugarol Barcelona,"5,0"
Empanadas Malvón,"5,0"
Restaurante Feroz,"3,5"
Txirimiri,"4,5"
La Vinateria del Call,"4,5"
Ugarit Joanic,"4,5"
El Chigre 1769,"4,5"
Pizzeria L'Antica Napoli,"4,5"
Artespañol Paella & Tapas,"4,0"
Can Cargolet,"4,0"
Restaurant Hindú Shanti,"4,0"
Casa Dario,"4,0"
ASKADINYA,"4,0"
Viena Ronda Sant Pere,"4,0"
PIZZERIA LA NOVA FONTANA,"4,5"
La Carioca,"4,5"
b Restaurant,"5,0"
El Callejon,"4,5"
Restaurante Mi Rincon,"4,5"
Restaurante China Crown Barcelona,"4,5"
Madame,"4,5"
Moments,"4,5"
GatBlau Restaurant,"4,5"
Antúnez,"4,0"
Takenori Mito Daruma,"4,5"
Itapa Boqueria,"2,5"
Palosanto Tapas Bar,"4,5"
Equilibri Bcn,"4,5"
El Tap,"4,5"
We Love Italy,"5,0"
Gallo Nero,"4,5"
Restaurant Cátedra,"4,5"
Mamma Italia,"4,5"
The Ranch Smokehouse,"4,5"
Speakeasy,"4,5"
Restaurante La Palmera,"4,5"
Casa Palet,"4,5"
Obe Restaurant,"4,5"
La Cereria,"4,5"
Restaurant Reñé,"4,0"
Can Vador Illa Diagonal,"4,0"
Vegetalia Gotico,"4,5"
Bracafe Barcelona,"3,5"
Santa Tapa Barcelona,"4,0"
Cal Trapella - Cuina de Mercat,"4,5"
Casa Martelo,"3,5"
Barcelona Gaudi Restaurant,"4,0"
Can Vador,"4,0"
Mussol Arenas,"3,5"
Thai Spicy Restaurante,"4,5"
Restaurante Loto,"5,0"
Camarote de en Tomas,"4,5"
Mextizo Barcelona,"4,0"
Bar Ramon,"4,0"
La Plassohla,"4,0"
Flexbowls,"4,5"
La Cazuela Barcelona,"4,5"
Batea Barcelona Restaurant,"4,5"
The Growler Barcelona,"5,0"
Lamian Barcelona,"4,5"
Habana Vieja Restaurante Cubano,"4,5"
Spice Cafe,"4,5"
Trafalgar Pizza Club,"5,0"
Albé Barcelona,"5,0"
Braseria La Selva Corcega Barcelona,"4,5"
La Cabrera Barcelona,"4,5"
"San Pedrito, Restaurante Y Licoreria","4,5"
Il Duomo & La Mole,"4,5"
La Tinaja,"4,5"
Cafés El Magnifico,"4,5"
Bronzo Eixample,"4,5"
Horchatería La Valenciana,"4,5"
Terrace 83.3,"4,5"
Pizzería Bar Ottantotto,"5,0"
Caelum,"4,0"
La Pampa,"4,0"
Rooftop Garden - Hotel El Palace Barcelona,"4,5"
Xoxo Barcelona,"4,5"
Hasta los Andares Barcelona,"5,0"
Creps Barcelona,"4,0"
Bar Azul Barcelona,"4,0"
Can Boneta,"4,5"
Paral·lelo,"5,0"
Baluard Barceloneta,"4,5"
Sushifresh,"4,0"
Restaurante Japones Ogura,"3,5"
Lucciano's Barcelona,"4,5"
Nomm,"4,5"
Mimo's Born,"4,5"
Ikibana Borne,"4,0"
L'Olivé,"4,0"
Txapela,"3,5"
Caravelle,"4,5"
Petit Bangkok,"4,5"
Creps al Born,"4,5"
Papadam,"4,5"
Kiosko Universal,"4,5"
El Desvan,"4,5"
Nomomoto Barcelona,"3,5"
Champanillo,"4,0"
Blue Spot Barcelona,"3,5"
Veg World India,"4,5"
Blue Spot Barcelona,"3,5"
Veg World India,"4,5"
Mariscco Còrsega,"4,0"
La Taguara Areperia,"4,0"
La Adelita Botanero,"4,0"
Sagradas Tapas,"4,5"
El Bosc de Les Fades,"4,0"
Futami,"4,5"
Glaciar,"4,5"
Raffaelli Restaurante Italiano,"4,5"
Cerveceria Albayzin,"4,0"
ELS TRES PORQUETS,"4,0"
Restaurante Vivanda,"4,0"
Kyoka,"4,0"
Vi Negre,"4,0"
The Clock Terrace,"4,5"
Tast-Ller,"4,5"
Bambarol,"4,5"
Restaurante Tantarantana,"4,0"
Enrique Tomas en Barcelona,"3,5"
Anita Gelato Barcelona,"4,5"
Spirit Barcelona,"4,5"
Las Sorrentinas,"4,5"
Cheese's Art,"3,5"
Piu Restaurants,"3,5"
Cachitos Diagonal,"3,5"
Opera Samfaina,"3,5"
Lamun Cuinathai,"4,5"
Cachaca Restaurante,"4,5"
Narciso,"5,0"
Creps Barcelona,"4,0"
Bormuth,"4,0"
Restaurante La Tata,"4,0"
Chicha Bar Bodega,"4,0"
Can Pizza,"4,5"
Koska Taverna,"4,5"
Kailash Restaurante Tibetano,"4,5"
Kimchi Mama,"5,0"
O.G.G.I. Gelato,"5,0"
Monster Sushi Gala Placidia,"4,0"
Paco Alcalde,"4,0"
Restaurante Nogal,"4,0"
Pla de la Garsa,"4,5"
Taco Alto Raval,"4,5"
Nomo Sarrià,"4,5"
Portal De La Pau,"4,5"
Macchina Pasta Bar,"4,5"
Orea Barcelona,"5,0"
Restaurante Di Como Bcn,"4,5"
Kawamura,"4,5"
El Nido Restaurante - H1898,"4,5"
La Rioja,"4,5"
Comida De Olla,"4,5"
Maxi Restaurante,"3,5"
Restaurante Sannin,"4,5"
Pacha Barcelona Restaurant,"3,5"
BrewDog Barcelona,"4,0"
Segafredo Espresso Barcelona,"2,5"
Club de L'empanada,"4,5"
